<?xml version="1.0" encoding="UTF-8"?>
<rss version="2.0" xmlns:ror="http://rorweb.com/0.1/" >
<channel>
  <title>ROR Sitemap for https://gbravoibanez.github.io/</title>
  <link>https://gbravoibanez.github.io/</link>

<item>
     <link>https://gbravoibanez.github.io/</link>
     <title> About Giavanna Bravo</title>
     <description> About Giavanna Bravo</description>
     <ror:updatePeriod></ror:updatePeriod>
     <ror:sortOrder>0</ror:sortOrder>
     <ror:resourceOf>sitemap</ror:resourceOf>
</item>
<item>
     <link>https://gbravoibanez.github.io/index.html</link>
     <title> About Giavanna Bravo</title>
     <description> About Giavanna Bravo</description>
     <ror:updatePeriod></ror:updatePeriod>
     <ror:sortOrder>1</ror:sortOrder>
     <ror:resourceOf>sitemap</ror:resourceOf>
</item>
<item>
     <link>https://gbravoibanez.github.io/experience.html</link>
     <title> Experience</title>
     <description> Experience</description>
     <ror:updatePeriod></ror:updatePeriod>
     <ror:sortOrder>1</ror:sortOrder>
     <ror:resourceOf>sitemap</ror:resourceOf>
</item>
</channel>
</rss>
  